timestamp,node,model_used,predicted_mu,actual_mu,abs_error,pct_error
2020-05-05,Maharashtra,XGBoost,429.4517822265625,431.5,2.0482177734375,0.4746738756517961
2020-05-13,Maharashtra,XGBoost,427.2391052246094,427.2,0.03910522460938637,0.009153844711935012
2020-05-14,Maharashtra,XGBoost,424.6114196777344,428.6,3.9885803222656477,0.9306067014152234
2020-05-15,Maharashtra,XGBoost,416.06256103515625,432.1,16.037438964843773,3.7115109846896024
2020-05-16,Maharashtra,XGBoost,428.72955322265625,459.1,30.370446777343773,6.615213848256103
2020-05-17,Maharashtra,XGBoost,444.4312744140625,464.5,20.0687255859375,4.320500664356835
2020-05-18,Maharashtra,XGBoost,434.33795166015625,464.8,30.46204833984376,6.553796975009416
2020-05-19,Maharashtra,XGBoost,406.07537841796875,463.7,57.62462158203124,12.427134263970508
2020-05-20,Maharashtra,XGBoost,411.2735595703125,452.7,41.42644042968749,9.150969832049368
2020-05-21,Maharashtra,XGBoost,420.21856689453125,449.6,29.381433105468773,6.535016260113161
