node,horizon,target_col,model,MAE,RMSE,MAPE_%,R2
Andhra_Pradesh,short-term (1 day),target_next_1d,RandomForest,8.5711,12.261,5.07,0.2517
Andhra_Pradesh,short-term (1 day),target_next_1d,XGBoost,8.5247,11.9645,5.05,0.2875
Andhra_Pradesh,short-term (1 day),target_next_1d,LSTM,127.7787,128.5429,72.68,-83.3478
Andhra_Pradesh,short-term (1 day),target_next_1d,GRU,128.0732,128.8357,72.84,-83.7325
Andhra_Pradesh,short-term (1 day),target_next_1d,Prophet,11.9558,14.6171,6.87,-0.0635
Andhra_Pradesh,medium-term (7 day),target_next_7d,RandomForest,10.9978,13.0144,6.45,0.1877
Andhra_Pradesh,medium-term (7 day),target_next_7d,XGBoost,11.6003,13.9179,6.74,0.071
Andhra_Pradesh,medium-term (7 day),target_next_7d,LSTM,128.5384,129.3534,73.19,-78.6134
Andhra_Pradesh,medium-term (7 day),target_next_7d,GRU,128.1834,129.0006,72.99,-78.1798
Andhra_Pradesh,medium-term (7 day),target_next_7d,Prophet,18.9112,23.3924,11.31,-1.6243
Arunachal_Pradesh,short-term (1 day),target_next_1d,RandomForest,0.1923,0.2469,9.84,0.0729
Arunachal_Pradesh,short-term (1 day),target_next_1d,XGBoost,0.1994,0.2636,10.26,-0.0568
Arunachal_Pradesh,short-term (1 day),target_next_1d,LSTM,0.1987,0.2691,10.37,-0.0376
Arunachal_Pradesh,short-term (1 day),target_next_1d,GRU,0.1899,0.2507,9.96,0.0996
Arunachal_Pradesh,short-term (1 day),target_next_1d,Prophet,0.6415,0.7107,33.07,-6.6814
Arunachal_Pradesh,medium-term (7 day),target_next_7d,RandomForest,0.2292,0.299,11.76,-0.3285
Arunachal_Pradesh,medium-term (7 day),target_next_7d,XGBoost,0.2083,0.2779,10.7,-0.1473
Arunachal_Pradesh,medium-term (7 day),target_next_7d,LSTM,0.1745,0.2494,9.61,0.0886
Arunachal_Pradesh,medium-term (7 day),target_next_7d,GRU,0.1731,0.2497,9.59,0.0865
Arunachal_Pradesh,medium-term (7 day),target_next_7d,Prophet,0.1712,0.2498,9.34,0.0731
Assam,short-term (1 day),target_next_1d,RandomForest,2.0764,2.8891,8.89,0.1306
Assam,short-term (1 day),target_next_1d,XGBoost,2.0682,2.7322,8.82,0.2225
Assam,short-term (1 day),target_next_1d,LSTM,2.6673,3.2962,11.45,-0.0691
Assam,short-term (1 day),target_next_1d,GRU,2.6909,3.3091,11.56,-0.0775
Assam,short-term (1 day),target_next_1d,Prophet,4.8171,5.5413,21.31,-2.1982
Assam,medium-term (7 day),target_next_7d,RandomForest,3.5349,4.1913,15.32,-0.8252
Assam,medium-term (7 day),target_next_7d,XGBoost,3.3109,4.0119,14.24,-0.6722
Assam,medium-term (7 day),target_next_7d,LSTM,2.7765,3.3612,12.12,-0.1763
Assam,medium-term (7 day),target_next_7d,GRU,2.7301,3.3324,11.9,-0.1562
Assam,medium-term (7 day),target_next_7d,Prophet,2.4937,3.4262,9.81,-0.2196
Bihar,short-term (1 day),target_next_1d,RandomForest,9.1201,12.5803,11.65,-0.0894
Bihar,short-term (1 day),target_next_1d,XGBoost,9.735,13.6036,12.36,-0.2739
Bihar,short-term (1 day),target_next_1d,LSTM,37.715,39.6992,45.06,-9.2601
Bihar,short-term (1 day),target_next_1d,GRU,38.7783,40.7108,46.4,-9.7896
Bihar,short-term (1 day),target_next_1d,Prophet,11.5423,13.9511,13.84,-0.3398
Bihar,medium-term (7 day),target_next_7d,RandomForest,11.903,14.7893,15.17,-0.4155
Bihar,medium-term (7 day),target_next_7d,XGBoost,12.3822,15.4887,15.71,-0.5525
Bihar,medium-term (7 day),target_next_7d,LSTM,37.1784,39.2626,45.13,-8.676
Bihar,medium-term (7 day),target_next_7d,GRU,36.3645,38.4928,44.1,-8.3003
Bihar,medium-term (7 day),target_next_7d,Prophet,13.7599,15.998,18.17,-0.6563
Chandigarh,short-term (1 day),target_next_1d,RandomForest,0.4689,0.6377,12.72,0.6518
Chandigarh,short-term (1 day),target_next_1d,XGBoost,0.451,0.6302,11.97,0.6599
Chandigarh,short-term (1 day),target_next_1d,LSTM,0.5976,0.7331,15.99,0.5733
Chandigarh,short-term (1 day),target_next_1d,GRU,0.6748,0.8213,18.33,0.4644
Chandigarh,short-term (1 day),target_next_1d,Prophet,2.1007,2.3561,60.82,-3.754
Chandigarh,medium-term (7 day),target_next_7d,RandomForest,0.5586,0.7225,15.59,0.5585
Chandigarh,medium-term (7 day),target_next_7d,XGBoost,0.5314,0.7021,14.54,0.5831
Chandigarh,medium-term (7 day),target_next_7d,LSTM,0.727,0.9063,19.02,0.3559
Chandigarh,medium-term (7 day),target_next_7d,GRU,0.6386,0.8912,17.99,0.3771
Chandigarh,medium-term (7 day),target_next_7d,Prophet,0.9401,1.0839,25.22,0.0065
Chhattisgarh,short-term (1 day),target_next_1d,RandomForest,6.4132,7.8559,8.05,0.2474
Chhattisgarh,short-term (1 day),target_next_1d,XGBoost,6.8662,8.404,8.52,0.1388
Chhattisgarh,short-term (1 day),target_next_1d,LSTM,36.7538,37.6948,44.62,-19.2805
Chhattisgarh,short-term (1 day),target_next_1d,GRU,37.6132,38.5333,45.69,-20.1927
Chhattisgarh,short-term (1 day),target_next_1d,Prophet,38.3314,40.9018,48.79,-19.4005
Chhattisgarh,medium-term (7 day),target_next_7d,RandomForest,7.5474,9.3239,9.67,-0.2323
Chhattisgarh,medium-term (7 day),target_next_7d,XGBoost,7.3887,9.257,9.41,-0.2146
Chhattisgarh,medium-term (7 day),target_next_7d,LSTM,36.038,37.0508,44.24,-17.5458
Chhattisgarh,medium-term (7 day),target_next_7d,GRU,36.4533,37.4548,44.77,-17.9525
Chhattisgarh,medium-term (7 day),target_next_7d,Prophet,15.3325,18.5703,20.35,-3.8882
DNH,short-term (1 day),target_next_1d,RandomForest,1.7376,2.8051,29.66,0.6932
DNH,short-term (1 day),target_next_1d,XGBoost,1.8269,2.8704,26.83,0.6788
DNH,short-term (1 day),target_next_1d,LSTM,3.1835,5.3434,82.81,-0.0412
DNH,short-term (1 day),target_next_1d,GRU,3.1832,5.3435,82.81,-0.0412
DNH,short-term (1 day),target_next_1d,Prophet,18.249,19.4615,234.16,-13.7672
DNH,medium-term (7 day),target_next_7d,RandomForest,4.0915,5.759,70.22,-0.2891
DNH,medium-term (7 day),target_next_7d,XGBoost,4.3031,6.1407,74.54,-0.4657
DNH,medium-term (7 day),target_next_7d,LSTM,3.2372,5.3638,83.17,-0.0372
DNH,medium-term (7 day),target_next_7d,GRU,3.2371,5.3639,83.17,-0.0372
DNH,medium-term (7 day),target_next_7d,Prophet,3.2537,5.3158,71.71,-0.0984
Delhi,short-term (1 day),target_next_1d,RandomForest,10.0455,14.8107,12.92,0.6573
Delhi,short-term (1 day),target_next_1d,XGBoost,11.0508,14.9001,14.26,0.6531
Delhi,short-term (1 day),target_next_1d,LSTM,37.7804,46.0098,41.5,-2.07
Delhi,short-term (1 day),target_next_1d,GRU,37.7703,46.0015,41.49,-2.0689
Delhi,short-term (1 day),target_next_1d,Prophet,52.123,58.6921,77.2,-4.3823
Delhi,medium-term (7 day),target_next_7d,RandomForest,20.0499,26.9172,24.27,-0.1097
Delhi,medium-term (7 day),target_next_7d,XGBoost,18.6859,25.7652,22.9,-0.0167
Delhi,medium-term (7 day),target_next_7d,LSTM,36.1387,44.8649,39.8,-1.8476
Delhi,medium-term (7 day),target_next_7d,GRU,36.8801,45.4642,40.82,-1.9242
Delhi,medium-term (7 day),target_next_7d,Prophet,25.7218,29.0739,35.38,-0.2946
Goa,short-term (1 day),target_next_1d,RandomForest,1.1311,1.5098,11.02,0.0992
Goa,short-term (1 day),target_next_1d,XGBoost,1.0995,1.4403,10.81,0.1803
Goa,short-term (1 day),target_next_1d,LSTM,1.319,1.6837,13.87,-0.0552
Goa,short-term (1 day),target_next_1d,GRU,1.319,1.6838,13.87,-0.0552
Goa,short-term (1 day),target_next_1d,Prophet,10.7105,11.0493,104.4,-47.243
Goa,medium-term (7 day),target_next_7d,RandomForest,1.2798,1.7343,13.65,-0.1185
Goa,medium-term (7 day),target_next_7d,XGBoost,1.3839,1.8526,14.63,-0.2763
Goa,medium-term (7 day),target_next_7d,LSTM,1.3195,1.6827,13.89,-0.0513
Goa,medium-term (7 day),target_next_7d,GRU,1.3195,1.6828,13.89,-0.0513
Goa,medium-term (7 day),target_next_7d,Prophet,2.0817,2.6324,22.14,-1.5769
Gujarat,short-term (1 day),target_next_1d,RandomForest,21.3716,30.6568,7.01,0.3778
Gujarat,short-term (1 day),target_next_1d,XGBoost,24.2372,33.1719,7.93,0.2716
Gujarat,short-term (1 day),target_next_1d,LSTM,274.4484,277.0566,84.68,-52.3642
Gujarat,short-term (1 day),target_next_1d,GRU,275.2615,277.862,84.94,-52.6749
Gujarat,short-term (1 day),target_next_1d,Prophet,250.3684,258.9204,79.96,-43.3786
Gujarat,medium-term (7 day),target_next_7d,RandomForest,30.9415,40.1168,10.03,-0.2095
Gujarat,medium-term (7 day),target_next_7d,XGBoost,32.0609,40.7557,10.38,-0.2483
Gujarat,medium-term (7 day),target_next_7d,LSTM,274.4375,277.0515,84.6,-52.245
Gujarat,medium-term (7 day),target_next_7d,GRU,274.9512,277.5604,84.76,-52.4408
Gujarat,medium-term (7 day),target_next_7d,Prophet,141.1852,148.2603,45.61,-15.5199
HP,short-term (1 day),target_next_1d,RandomForest,2.1949,3.3686,10.75,0.5636
HP,short-term (1 day),target_next_1d,XGBoost,2.1878,3.3598,10.44,0.5658
HP,short-term (1 day),target_next_1d,LSTM,3.861,5.2948,19.81,-0.0
HP,short-term (1 day),target_next_1d,GRU,3.8934,5.2951,19.88,-0.0001
HP,short-term (1 day),target_next_1d,Prophet,19.5652,20.7148,84.8,-15.5038
HP,medium-term (7 day),target_next_7d,RandomForest,3.4291,5.4059,18.39,-0.1102
HP,medium-term (7 day),target_next_7d,XGBoost,3.5414,5.452,18.74,-0.1293
HP,medium-term (7 day),target_next_7d,LSTM,3.8846,5.3151,19.91,-0.0
HP,medium-term (7 day),target_next_7d,GRU,3.9575,5.317,20.08,-0.0007
HP,medium-term (7 day),target_next_7d,Prophet,3.98,5.3679,18.78,-0.0947
Haryana,short-term (1 day),target_next_1d,RandomForest,13.2253,20.8375,10.69,0.6409
Haryana,short-term (1 day),target_next_1d,XGBoost,13.8475,20.4353,11.16,0.6546
Haryana,short-term (1 day),target_next_1d,LSTM,88.561,95.6408,62.84,-6.014
Haryana,short-term (1 day),target_next_1d,GRU,89.5722,96.5779,63.64,-6.1522
Haryana,short-term (1 day),target_next_1d,Prophet,78.0448,86.4289,67.4,-5.1785
Haryana,medium-term (7 day),target_next_7d,RandomForest,20.5736,29.1083,16.43,0.307
Haryana,medium-term (7 day),target_next_7d,XGBoost,22.3491,30.3282,17.77,0.2477
Haryana,medium-term (7 day),target_next_7d,LSTM,86.3983,93.6363,62.21,-5.7284
Haryana,medium-term (7 day),target_next_7d,GRU,87.3416,94.5075,62.97,-5.8541
Haryana,medium-term (7 day),target_next_7d,Prophet,38.3226,43.5843,32.37,-0.5537
JandK,short-term (1 day),target_next_1d,RandomForest,3.7149,5.09,8.97,0.1927
JandK,short-term (1 day),target_next_1d,XGBoost,3.924,5.208,9.45,0.1548
JandK,short-term (1 day),target_next_1d,LSTM,8.888,9.9175,19.09,-1.9894
JandK,short-term (1 day),target_next_1d,GRU,8.8713,9.9015,19.06,-1.9798
JandK,short-term (1 day),target_next_1d,Prophet,4.5515,5.9213,10.68,-0.0925
JandK,medium-term (7 day),target_next_7d,RandomForest,4.2229,5.2327,9.84,0.1132
JandK,medium-term (7 day),target_next_7d,XGBoost,4.4083,5.5281,10.3,0.0103
JandK,medium-term (7 day),target_next_7d,LSTM,9.0746,9.9844,19.48,-2.1785
JandK,medium-term (7 day),target_next_7d,GRU,9.5272,10.4294,20.43,-2.4682
JandK,medium-term (7 day),target_next_7d,Prophet,6.4906,7.6417,14.28,-0.8912
Jharkhand,short-term (1 day),target_next_1d,RandomForest,1.3221,1.7985,5.73,0.0569
Jharkhand,short-term (1 day),target_next_1d,XGBoost,1.3501,1.8162,5.82,0.0382
Jharkhand,short-term (1 day),target_next_1d,LSTM,1.3567,1.8297,5.73,-0.0021
Jharkhand,short-term (1 day),target_next_1d,GRU,1.3551,1.8309,5.71,-0.0034
Jharkhand,short-term (1 day),target_next_1d,Prophet,1.2362,1.6746,5.23,0.1823
Jharkhand,medium-term (7 day),target_next_7d,RandomForest,1.4347,1.8623,6.08,-0.0818
Jharkhand,medium-term (7 day),target_next_7d,XGBoost,1.3972,1.8496,5.89,-0.0671
Jharkhand,medium-term (7 day),target_next_7d,LSTM,1.3328,1.8259,5.61,-0.0068
Jharkhand,medium-term (7 day),target_next_7d,GRU,1.3327,1.8261,5.61,-0.0071
Jharkhand,medium-term (7 day),target_next_7d,Prophet,1.5438,1.9031,6.38,-0.1297
Karnataka,short-term (1 day),target_next_1d,RandomForest,15.0907,21.1839,8.05,0.4327
Karnataka,short-term (1 day),target_next_1d,XGBoost,16.5405,24.0493,9.01,0.2689
Karnataka,short-term (1 day),target_next_1d,LSTM,156.1864,158.2829,76.12,-37.0012
Karnataka,short-term (1 day),target_next_1d,GRU,157.3054,159.3872,76.68,-37.5333
Karnataka,short-term (1 day),target_next_1d,Prophet,19.0491,26.1347,10.35,0.1366
Karnataka,medium-term (7 day),target_next_7d,RandomForest,20.8147,26.1229,10.88,0.0278
Karnataka,medium-term (7 day),target_next_7d,XGBoost,20.7029,26.2032,10.79,0.0219
Karnataka,medium-term (7 day),target_next_7d,LSTM,157.0375,158.9223,76.37,-41.411
Karnataka,medium-term (7 day),target_next_7d,GRU,157.1838,159.0669,76.45,-41.4882
Karnataka,medium-term (7 day),target_next_7d,Prophet,32.723,39.6384,17.59,-1.2384
Kerala,short-term (1 day),target_next_1d,RandomForest,3.9677,5.0051,5.57,0.4661
Kerala,short-term (1 day),target_next_1d,XGBoost,4.1221,5.1514,5.72,0.4344
Kerala,short-term (1 day),target_next_1d,LSTM,29.9193,30.5899,41.19,-22.061
Kerala,short-term (1 day),target_next_1d,GRU,29.5881,30.266,40.73,-21.5753
Kerala,short-term (1 day),target_next_1d,Prophet,11.9529,13.6062,17.31,-2.9456
Kerala,medium-term (7 day),target_next_7d,RandomForest,5.9263,7.4682,8.43,-0.4745
Kerala,medium-term (7 day),target_next_7d,XGBoost,5.8243,7.0313,8.26,-0.307
Kerala,medium-term (7 day),target_next_7d,LSTM,30.4326,31.0376,41.82,-24.9037
Kerala,medium-term (7 day),target_next_7d,GRU,29.9703,30.5844,41.17,-24.1528
Kerala,medium-term (7 day),target_next_7d,Prophet,30.0863,30.8898,42.79,-24.2252
MP,short-term (1 day),target_next_1d,RandomForest,16.4555,23.2518,8.05,0.4471
MP,short-term (1 day),target_next_1d,XGBoost,18.0487,24.5914,8.82,0.3816
MP,short-term (1 day),target_next_1d,LSTM,163.756,166.786,76.62,-26.7744
MP,short-term (1 day),target_next_1d,GRU,164.8291,167.8398,77.14,-27.1265
MP,short-term (1 day),target_next_1d,Prophet,102.4524,108.6368,51.47,-11.0692
MP,medium-term (7 day),target_next_7d,RandomForest,28.7328,35.0206,13.43,-0.1691
MP,medium-term (7 day),target_next_7d,XGBoost,26.9739,33.4276,12.56,-0.0652
MP,medium-term (7 day),target_next_7d,LSTM,167.8058,170.8012,77.2,-27.7623
MP,medium-term (7 day),target_next_7d,GRU,168.6417,171.6226,77.59,-28.0396
MP,medium-term (7 day),target_next_7d,Prophet,35.9297,41.4018,17.91,-0.634
Maharashtra,short-term (1 day),target_next_1d,RandomForest,19.2961,25.1292,4.62,0.5722
Maharashtra,short-term (1 day),target_next_1d,XGBoost,20.3786,26.4217,4.91,0.5271
Maharashtra,short-term (1 day),target_next_1d,LSTM,378.5798,380.356,88.47,-106.3198
Maharashtra,short-term (1 day),target_next_1d,GRU,378.6017,380.3778,88.47,-106.3322
Maharashtra,short-term (1 day),target_next_1d,Prophet,144.261,151.2256,34.49,-14.4917
Maharashtra,medium-term (7 day),target_next_7d,RandomForest,30.2587,37.1023,7.13,-0.0911
Maharashtra,medium-term (7 day),target_next_7d,XGBoost,29.7378,36.779,7.02,-0.0721
Maharashtra,medium-term (7 day),target_next_7d,LSTM,381.0208,382.7858,88.65,-107.6903
Maharashtra,medium-term (7 day),target_next_7d,GRU,381.5762,383.3386,88.78,-108.0045
Maharashtra,medium-term (7 day),target_next_7d,Prophet,176.9956,182.9506,42.18,-25.5291
Manipur,short-term (1 day),target_next_1d,RandomForest,0.1659,0.1923,6.59,0.1302
Manipur,short-term (1 day),target_next_1d,XGBoost,0.1682,0.1972,6.66,0.0858
Manipur,short-term (1 day),target_next_1d,LSTM,0.1762,0.2022,6.93,0.0886
Manipur,short-term (1 day),target_next_1d,GRU,0.1794,0.2046,7.14,0.0675
Manipur,short-term (1 day),target_next_1d,Prophet,0.1794,0.2169,7.39,-0.1067
Manipur,medium-term (7 day),target_next_7d,RandomForest,0.1767,0.2108,7.09,0.0086
Manipur,medium-term (7 day),target_next_7d,XGBoost,0.1766,0.2123,7.08,-0.0052
Manipur,medium-term (7 day),target_next_7d,LSTM,0.1782,0.2124,7.26,-0.0298
Manipur,medium-term (7 day),target_next_7d,GRU,0.1768,0.209,7.21,0.0031
Manipur,medium-term (7 day),target_next_7d,Prophet,0.1621,0.1906,6.46,0.1896
Meghalaya,short-term (1 day),target_next_1d,RandomForest,0.5222,0.6683,10.07,0.4305
Meghalaya,short-term (1 day),target_next_1d,XGBoost,0.517,0.6831,10.26,0.4049
Meghalaya,short-term (1 day),target_next_1d,LSTM,0.725,0.9123,14.51,-0.0057
Meghalaya,short-term (1 day),target_next_1d,GRU,0.7249,0.9122,14.51,-0.0054
Meghalaya,short-term (1 day),target_next_1d,Prophet,2.6839,2.8745,51.35,-9.5378
Meghalaya,medium-term (7 day),target_next_7d,RandomForest,0.6042,0.7463,11.62,0.2792
Meghalaya,medium-term (7 day),target_next_7d,XGBoost,0.6868,0.87,13.22,0.0203
Meghalaya,medium-term (7 day),target_next_7d,LSTM,0.7336,0.9122,14.65,-0.0083
Meghalaya,medium-term (7 day),target_next_7d,GRU,0.7335,0.912,14.65,-0.0078
Meghalaya,medium-term (7 day),target_next_7d,Prophet,0.9224,1.0138,16.39,-0.3303
Mizoram,short-term (1 day),target_next_1d,RandomForest,0.1109,0.1448,6.59,0.0037
Mizoram,short-term (1 day),target_next_1d,XGBoost,0.1269,0.1602,7.54,-0.2201
Mizoram,short-term (1 day),target_next_1d,LSTM,0.1105,0.1412,6.7,0.0481
Mizoram,short-term (1 day),target_next_1d,GRU,0.1118,0.1439,6.79,0.0119
Mizoram,short-term (1 day),target_next_1d,Prophet,0.1284,0.1601,7.68,-0.2184
Mizoram,medium-term (7 day),target_next_7d,RandomForest,0.1171,0.148,7.11,-0.1051
Mizoram,medium-term (7 day),target_next_7d,XGBoost,0.1217,0.1527,7.36,-0.1767
Mizoram,medium-term (7 day),target_next_7d,LSTM,0.1132,0.1472,6.88,-0.0245
Mizoram,medium-term (7 day),target_next_7d,GRU,0.1171,0.1498,7.16,-0.0607
Mizoram,medium-term (7 day),target_next_7d,Prophet,0.1331,0.1737,7.7,-0.522
Nagaland,short-term (1 day),target_next_1d,RandomForest,0.1204,0.1414,5.73,-0.3877
Nagaland,short-term (1 day),target_next_1d,XGBoost,0.1177,0.1413,5.59,-0.3871
Nagaland,short-term (1 day),target_next_1d,LSTM,0.0993,0.1213,4.75,0.0111
Nagaland,short-term (1 day),target_next_1d,GRU,0.0986,0.1204,4.71,0.0259
Nagaland,short-term (1 day),target_next_1d,Prophet,0.1166,0.1513,5.61,-0.5903
Nagaland,medium-term (7 day),target_next_7d,RandomForest,0.1015,0.1235,4.82,-0.0945
Nagaland,medium-term (7 day),target_next_7d,XGBoost,0.0985,0.1216,4.65,-0.0602
Nagaland,medium-term (7 day),target_next_7d,LSTM,0.0952,0.1196,4.55,-0.0226
Nagaland,medium-term (7 day),target_next_7d,GRU,0.0988,0.129,4.72,-0.1891
Nagaland,medium-term (7 day),target_next_7d,Prophet,0.1386,0.1787,6.75,-1.2903
Odisha,short-term (1 day),target_next_1d,RandomForest,8.5565,10.323,11.85,-0.5892
Odisha,short-term (1 day),target_next_1d,XGBoost,8.918,10.8181,12.33,-0.7453
Odisha,short-term (1 day),target_next_1d,LSTM,32.0897,33.0391,41.67,-16.6541
Odisha,short-term (1 day),target_next_1d,GRU,32.2555,33.2002,41.89,-16.8266
Odisha,short-term (1 day),target_next_1d,Prophet,19.4186,22.28,26.97,-6.4027
Odisha,medium-term (7 day),target_next_7d,RandomForest,8.0329,10.0435,11.26,-0.6835
Odisha,medium-term (7 day),target_next_7d,XGBoost,8.3101,10.3567,11.55,-0.7901
Odisha,medium-term (7 day),target_next_7d,LSTM,32.086,32.9899,41.69,-17.5021
Odisha,medium-term (7 day),target_next_7d,GRU,32.5196,33.4118,42.26,-17.9784
Odisha,medium-term (7 day),target_next_7d,Prophet,9.0011,10.6945,12.28,-0.9088
Pondy,short-term (1 day),target_next_1d,RandomForest,0.6505,0.8619,9.0,0.4507
Pondy,short-term (1 day),target_next_1d,XGBoost,0.7364,0.9402,10.37,0.3465
Pondy,short-term (1 day),target_next_1d,LSTM,0.8425,1.1757,12.94,-0.0009
Pondy,short-term (1 day),target_next_1d,GRU,0.842,1.1746,12.93,0.0009
Pondy,short-term (1 day),target_next_1d,Prophet,4.3196,4.6317,62.21,-14.8608
Pondy,medium-term (7 day),target_next_7d,RandomForest,0.9498,1.1737,13.74,-0.037
Pondy,medium-term (7 day),target_next_7d,XGBoost,0.9726,1.1947,14.03,-0.0743
Pondy,medium-term (7 day),target_next_7d,LSTM,0.8816,1.1961,13.67,-0.0177
Pondy,medium-term (7 day),target_next_7d,GRU,0.8821,1.1961,13.68,-0.0178
Pondy,medium-term (7 day),target_next_7d,Prophet,2.0176,2.3434,30.57,-3.1338
Punjab,short-term (1 day),target_next_1d,RandomForest,18.2804,28.173,14.92,0.677
Punjab,short-term (1 day),target_next_1d,XGBoost,21.1228,30.2896,17.17,0.6267
Punjab,short-term (1 day),target_next_1d,LSTM,85.8918,100.1874,60.45,-2.7734
Punjab,short-term (1 day),target_next_1d,GRU,87.379,101.4652,61.7,-2.8702
Punjab,short-term (1 day),target_next_1d,Prophet,91.8267,99.7426,82.49,-3.0484
Punjab,medium-term (7 day),target_next_7d,RandomForest,37.0675,51.2846,28.72,-0.0573
Punjab,medium-term (7 day),target_next_7d,XGBoost,33.9667,45.977,27.53,0.1502
Punjab,medium-term (7 day),target_next_7d,LSTM,84.3084,98.8804,60.27,-2.6627
Punjab,medium-term (7 day),target_next_7d,GRU,85.368,99.7854,61.18,-2.7301
Punjab,medium-term (7 day),target_next_7d,Prophet,51.9592,60.197,44.49,-0.4567
Rajasthan,short-term (1 day),target_next_1d,RandomForest,18.1112,24.106,8.79,0.3411
Rajasthan,short-term (1 day),target_next_1d,XGBoost,18.4388,24.3903,9.04,0.3255
Rajasthan,short-term (1 day),target_next_1d,LSTM,174.2162,176.8089,77.84,-33.3498
Rajasthan,short-term (1 day),target_next_1d,GRU,174.8892,177.472,78.15,-33.6079
Rajasthan,short-term (1 day),target_next_1d,Prophet,139.9999,144.6346,66.21,-22.7188
Rajasthan,medium-term (7 day),target_next_7d,RandomForest,20.243,25.8054,9.91,0.2197
Rajasthan,medium-term (7 day),target_next_7d,XGBoost,21.9204,27.3007,10.63,0.1266
Rajasthan,medium-term (7 day),target_next_7d,LSTM,174.8379,177.3525,77.9,-34.5163
Rajasthan,medium-term (7 day),target_next_7d,GRU,174.8003,177.3154,77.88,-34.5015
Rajasthan,medium-term (7 day),target_next_7d,Prophet,21.5296,28.3297,10.17,0.0595
Sikkim,short-term (1 day),target_next_1d,RandomForest,0.2299,0.3066,23.68,0.3432
Sikkim,short-term (1 day),target_next_1d,XGBoost,0.2312,0.3103,24.13,0.3273
Sikkim,short-term (1 day),target_next_1d,LSTM,0.2146,0.2866,18.33,0.3504
Sikkim,short-term (1 day),target_next_1d,GRU,0.2798,0.3498,21.58,0.0324
Sikkim,short-term (1 day),target_next_1d,Prophet,0.3842,0.4429,36.86,-0.3703
Sikkim,medium-term (7 day),target_next_7d,RandomForest,0.2603,0.3286,22.8,0.1775
Sikkim,medium-term (7 day),target_next_7d,XGBoost,0.2638,0.316,22.6,0.2397
Sikkim,medium-term (7 day),target_next_7d,LSTM,0.2995,0.3582,21.04,-0.2294
Sikkim,medium-term (7 day),target_next_7d,GRU,0.2851,0.3493,22.01,-0.1693
Sikkim,medium-term (7 day),target_next_7d,Prophet,0.3156,0.4241,23.46,-0.37
Tamil_Nadu,short-term (1 day),target_next_1d,RandomForest,22.1257,28.2707,7.37,0.2796
Tamil_Nadu,short-term (1 day),target_next_1d,XGBoost,22.9555,28.9121,7.61,0.2466
Tamil_Nadu,short-term (1 day),target_next_1d,LSTM,255.6758,257.7265,84.03,-62.0886
Tamil_Nadu,short-term (1 day),target_next_1d,GRU,254.8971,256.9541,83.77,-61.711
Tamil_Nadu,short-term (1 day),target_next_1d,Prophet,99.9474,108.5718,34.3,-9.625
Tamil_Nadu,medium-term (7 day),target_next_7d,RandomForest,26.2532,33.0158,9.1,0.0493
Tamil_Nadu,medium-term (7 day),target_next_7d,XGBoost,27.0836,33.8957,9.27,-0.0021
Tamil_Nadu,medium-term (7 day),target_next_7d,LSTM,250.7036,253.1296,83.37,-51.4215
Tamil_Nadu,medium-term (7 day),target_next_7d,GRU,251.9043,254.3189,83.78,-51.9153
Tamil_Nadu,medium-term (7 day),target_next_7d,Prophet,77.6588,86.5201,27.32,-5.5288
Telangana,short-term (1 day),target_next_1d,RandomForest,18.12,22.1309,10.64,0.1814
Telangana,short-term (1 day),target_next_1d,XGBoost,19.4461,24.4055,11.62,0.0045
Telangana,short-term (1 day),target_next_1d,LSTM,130.0886,132.5109,72.49,-26.6045
Telangana,short-term (1 day),target_next_1d,GRU,130.8154,133.2245,72.91,-26.9026
Telangana,short-term (1 day),target_next_1d,Prophet,21.9228,26.6003,12.92,-0.1826
Telangana,medium-term (7 day),target_next_7d,RandomForest,26.2762,33.9685,16.17,-0.9185
Telangana,medium-term (7 day),target_next_7d,XGBoost,29.21,38.082,18.06,-1.4113
Telangana,medium-term (7 day),target_next_7d,LSTM,130.6559,133.0938,72.78,-26.5496
Telangana,medium-term (7 day),target_next_7d,GRU,131.036,133.4669,73.0,-26.7042
Telangana,medium-term (7 day),target_next_7d,Prophet,43.6063,49.8055,26.37,-3.1245
Tripura,short-term (1 day),target_next_1d,RandomForest,0.5307,0.6502,13.76,-0.1411
Tripura,short-term (1 day),target_next_1d,XGBoost,0.6092,0.737,15.88,-0.4661
Tripura,short-term (1 day),target_next_1d,LSTM,0.5491,0.6538,14.62,-0.1152
Tripura,short-term (1 day),target_next_1d,GRU,0.551,0.661,14.51,-0.1399
Tripura,short-term (1 day),target_next_1d,Prophet,0.7647,0.9197,18.53,-1.2828
Tripura,medium-term (7 day),target_next_7d,RandomForest,0.6591,0.8025,18.01,-0.6737
Tripura,medium-term (7 day),target_next_7d,XGBoost,0.6644,0.8113,18.17,-0.7104
Tripura,medium-term (7 day),target_next_7d,LSTM,0.5723,0.6662,15.46,-0.0914
Tripura,medium-term (7 day),target_next_7d,GRU,0.5707,0.6852,15.65,-0.1544
Tripura,medium-term (7 day),target_next_7d,Prophet,0.7587,0.9442,21.38,-1.3167
UP,short-term (1 day),target_next_1d,RandomForest,33.2281,48.0375,11.2,0.3338
UP,short-term (1 day),target_next_1d,XGBoost,32.9457,45.3866,11.22,0.4053
UP,short-term (1 day),target_next_1d,LSTM,258.841,265.8815,83.64,-18.1356
UP,short-term (1 day),target_next_1d,GRU,259.259,266.2884,83.78,-18.1943
UP,short-term (1 day),target_next_1d,Prophet,99.4458,114.1391,35.81,-2.761
UP,medium-term (7 day),target_next_7d,RandomForest,52.0854,66.3101,17.21,-0.2153
UP,medium-term (7 day),target_next_7d,XGBoost,48.6325,62.526,16.24,-0.0805
UP,medium-term (7 day),target_next_7d,LSTM,253.7081,261.2608,83.12,-16.5495
UP,medium-term (7 day),target_next_7d,GRU,254.4627,261.9937,83.38,-16.6481
UP,medium-term (7 day),target_next_7d,Prophet,80.4209,91.9136,28.82,-1.3349
Uttarakhand,short-term (1 day),target_next_1d,RandomForest,3.5644,4.5858,10.69,0.6071
Uttarakhand,short-term (1 day),target_next_1d,XGBoost,3.595,4.6409,11.05,0.5976
Uttarakhand,short-term (1 day),target_next_1d,LSTM,7.2061,8.2883,22.03,-0.1932
Uttarakhand,short-term (1 day),target_next_1d,GRU,7.3209,8.3671,22.26,-0.216
Uttarakhand,short-term (1 day),target_next_1d,Prophet,21.5431,23.3131,67.92,-9.1548
Uttarakhand,medium-term (7 day),target_next_7d,RandomForest,5.2147,7.2144,16.85,0.0198
Uttarakhand,medium-term (7 day),target_next_7d,XGBoost,5.3216,7.0929,16.98,0.0525
Uttarakhand,medium-term (7 day),target_next_7d,LSTM,6.8131,8.0506,21.24,-0.1293
Uttarakhand,medium-term (7 day),target_next_7d,GRU,7.1124,8.2391,21.81,-0.1828
Uttarakhand,medium-term (7 day),target_next_7d,Prophet,5.9558,7.7772,20.5,-0.1391
West_Bengal,short-term (1 day),target_next_1d,RandomForest,16.5822,20.4746,12.39,0.3435
West_Bengal,short-term (1 day),target_next_1d,XGBoost,17.905,21.0674,13.21,0.3049
West_Bengal,short-term (1 day),target_next_1d,LSTM,86.7152,90.2787,63.6,-11.9221
West_Bengal,short-term (1 day),target_next_1d,GRU,87.7075,91.2323,64.37,-12.1965
West_Bengal,short-term (1 day),target_next_1d,Prophet,30.1416,34.6592,23.91,-0.8814
West_Bengal,medium-term (7 day),target_next_7d,RandomForest,26.3178,31.7793,20.42,-0.634
West_Bengal,medium-term (7 day),target_next_7d,XGBoost,27.2889,33.2113,21.37,-0.7846
West_Bengal,medium-term (7 day),target_next_7d,LSTM,85.7543,89.5176,63.54,-11.149
West_Bengal,medium-term (7 day),target_next_7d,GRU,86.3462,90.0847,64.0,-11.3034
West_Bengal,medium-term (7 day),target_next_7d,Prophet,31.2124,35.8173,25.53,-1.0756
